round_epochs,loss,mae,mse,val_loss,val_mae,val_mse,activation,epochs,losses,n_layers_after,n_lstm_node_first,n_lstm_node_second,n_node_hidden_layers,optimizer,reg,regw
300,0.29960712790489197,0.23921023309230804,0.10867998749017715,0.28735730051994324,0.2269706428050995,0.09667084366083145,sigmoid,300,mae,2,10,20,10,sgd,<function <lambda> at 0x14d1215f0>,0.001
500,0.002475425601005554,0.036194946616888046,0.002475425601005554,0.022796252742409706,0.09424235671758652,0.022796252742409706,elu,500,mse,0,30,30,50,Adam,<function <lambda> at 0x14d184ef0>,0.0005
500,0.038383446633815765,0.03481811285018921,0.002775449538603425,0.09486246854066849,0.09129839390516281,0.02189580909907818,relu,500,mae,0,30,30,50,Adam,<function <lambda> at 0x14d1215f0>,0.0001
300,0.043743208050727844,0.03206070512533188,0.00255432166159153,0.0984644815325737,0.086794912815094,0.02192528359591961,relu,300,mae,2,30,0,10,Adam,<function <lambda> at 0x14d1215f0>,0.0005
500,0.013803577981889248,0.05837991461157799,0.005958919413387775,0.03162778541445732,0.10630840808153152,0.023783769458532333,sigmoid,500,mse,1,20,0,10,Adam,<function <lambda> at 0x14d1215f0>,0.001
300,0.0633956789970398,0.15391689538955688,0.03168097510933876,0.06824266910552979,0.16710633039474487,0.03652626648545265,elu,300,mse,0,30,10,10,sgd,<function <lambda> at 0x14d1215f0>,0.0005
