elapsed,errors
212.01317938200373,1
625.5331906020001,2
