elapsed,errors
645.752171538,1
1170.391954655,2
3690.838225436,3
